{"cameraMode":{"drawMode":0,"name":"Shaded","section":"Shading Mode"},"sceneLighting":false,"audioPlay":false,"sceneViewState":{"m_AlwaysRefresh":false,"showFog":true,"showSkybox":false,"showFlares":true,"showImageEffects":true,"showParticleSystems":true,"showVisualEffectGraphs":true,"m_FxEnabled":true},"in2DMode":false,"pivot":{"x":0.009971529245376587,"y":0.008478343486785889,"z":0.07585055381059647},"rotation":{"x":0.18443197011947633,"y":0.5282710194587708,"z":-0.11869343370199204,"w":0.82033771276474},"size":0.13986647129058839,"orthographic":false}